strategy,concurrency,run,accepted,refused,errored,overlapping,violations,p50_ms,p95_ms,p99_ms,wall_ms
naive,1,1,1,0,0,1,0,30.35,30.35,30.35,30.36
naive,1,2,1,0,0,1,0,111.40,111.40,111.40,111.41
naive,1,3,1,0,0,1,0,12.71,12.71,12.71,12.72
naive,1,4,1,0,0,1,0,13.88,13.88,13.88,13.88
naive,1,5,1,0,0,1,0,12.24,12.24,12.24,12.24
naive,1,6,1,0,0,1,0,109.85,109.85,109.85,109.85
naive,1,7,1,0,0,1,0,12.92,12.92,12.92,12.93
naive,1,8,1,0,0,1,0,15.61,15.61,15.61,15.62
naive,1,9,1,0,0,1,0,23.53,23.53,23.53,23.54
naive,1,10,1,0,0,1,0,112.73,112.73,112.73,112.73
naive,10,1,10,0,0,10,9,8.93,10.06,10.06,10.11
naive,10,2,10,0,0,10,9,100.89,100.98,100.98,101.00
naive,10,3,10,0,0,10,9,9.31,9.42,9.42,9.44
naive,10,4,10,0,0,10,9,118.35,118.45,118.45,118.45
naive,10,5,10,0,0,10,9,10.79,10.91,10.91,10.93
naive,10,6,10,0,0,10,9,14.81,14.94,14.94,14.96
naive,10,7,10,0,0,10,9,8.90,9.01,9.01,9.01
naive,10,8,10,0,0,10,9,8.14,8.31,8.31,8.31
naive,10,9,10,0,0,10,9,7.79,7.90,7.90,7.92
naive,10,10,10,0,0,10,9,14.86,14.94,14.94,14.94
naive,50,1,10,40,0,10,9,20.82,26.85,27.61,27.66
naive,50,2,50,0,0,50,49,22.67,22.92,22.94,22.98
naive,50,3,50,0,0,50,49,18.66,18.92,18.93,18.96
naive,50,4,50,0,0,50,49,19.89,20.17,20.20,20.27
naive,50,5,50,0,0,50,49,129.96,130.23,130.25,130.28
naive,50,6,50,0,0,50,49,19.26,19.53,19.58,19.59
naive,50,7,50,0,0,50,49,22.15,22.40,22.43,22.45
naive,50,8,50,0,0,50,49,22.89,23.11,23.15,23.18
naive,50,9,50,0,0,50,49,24.54,24.81,24.81,24.86
naive,50,10,50,0,0,50,49,17.96,20.45,20.48,20.50
naive,200,1,96,104,0,96,95,61.02,97.31,103.08,104.06
naive,200,2,200,0,0,200,199,74.49,75.76,75.89,76.07
naive,200,3,200,0,0,200,199,74.33,75.43,75.50,75.60
naive,200,4,200,0,0,200,199,55.47,63.10,63.14,63.25
naive,200,5,200,0,0,200,199,53.27,64.56,64.65,64.77
naive,200,6,187,13,0,187,186,57.42,67.46,67.59,67.64
naive,200,7,200,0,0,200,199,119.75,127.06,129.97,130.10
naive,200,8,200,0,0,200,199,66.39,76.12,78.24,78.33
naive,200,9,200,0,0,200,199,62.73,75.11,75.17,75.21
naive,200,10,200,0,0,200,199,58.74,64.85,64.96,65.05
constraint-noretry,1,1,1,0,0,1,0,11.75,11.75,11.75,11.75
constraint-noretry,1,2,1,0,0,1,0,10.93,10.93,10.93,10.94
constraint-noretry,1,3,1,0,0,1,0,13.70,13.70,13.70,13.70
constraint-noretry,1,4,1,0,0,1,0,20.97,20.97,20.97,20.97
constraint-noretry,1,5,1,0,0,1,0,169.46,169.46,169.46,169.47
constraint-noretry,1,6,1,0,0,1,0,31.04,31.04,31.04,31.05
constraint-noretry,1,7,1,0,0,1,0,13.08,13.08,13.08,13.09
constraint-noretry,1,8,1,0,0,1,0,14.09,14.09,14.09,14.10
constraint-noretry,1,9,1,0,0,1,0,11.86,11.86,11.86,11.86
constraint-noretry,1,10,1,0,0,1,0,12.35,12.35,12.35,12.35
constraint-noretry,10,1,1,9,0,1,0,16.20,16.33,16.33,16.35
constraint-noretry,10,2,1,9,0,1,0,13.97,14.18,14.18,14.20
constraint-noretry,10,3,1,9,0,1,0,14.23,14.50,14.50,14.51
constraint-noretry,10,4,1,9,0,1,0,105.74,105.90,105.90,105.92
constraint-noretry,10,5,1,0,9,1,0,4010.67,8042.13,8042.13,8042.15
constraint-noretry,10,6,1,9,0,1,0,15.80,15.95,15.95,15.96
constraint-noretry,10,7,1,9,0,1,0,13.23,13.41,13.41,13.43
constraint-noretry,10,8,1,9,0,1,0,93.11,93.39,93.39,93.39
constraint-noretry,10,9,1,9,0,1,0,13.53,13.78,13.78,13.80
constraint-noretry,10,10,1,9,0,1,0,13.52,13.76,13.76,13.77
constraint-noretry,50,1,1,49,0,1,0,19.12,19.72,19.79,19.81
constraint-noretry,50,2,1,49,0,1,0,21.15,21.63,21.66,21.71
constraint-noretry,50,3,1,49,0,1,0,21.88,22.44,22.48,22.53
constraint-noretry,50,4,1,49,0,1,0,19.46,20.06,20.11,20.14
constraint-noretry,50,5,1,49,0,1,0,22.37,25.62,25.65,25.68
constraint-noretry,50,6,1,49,0,1,0,27.47,27.96,28.00,28.02
constraint-noretry,50,7,1,49,0,1,0,21.71,22.88,22.94,22.98
constraint-noretry,50,8,1,49,0,1,0,19.41,19.90,19.97,19.99
constraint-noretry,50,9,1,49,0,1,0,19.08,20.24,20.29,20.34
constraint-noretry,50,10,1,49,0,1,0,17.48,18.37,18.43,18.46
constraint-noretry,200,1,1,199,0,1,0,34.71,53.61,53.90,54.01
constraint-noretry,200,2,1,199,0,1,0,38.46,45.03,45.21,45.30
constraint-noretry,200,3,1,199,0,1,0,41.39,52.30,52.54,52.70
constraint-noretry,200,4,1,199,0,1,0,35.35,41.60,41.77,41.89
constraint-noretry,200,5,1,199,0,1,0,45.12,47.47,47.63,47.74
constraint-noretry,200,6,1,199,0,1,0,36.03,41.69,41.85,41.93
constraint-noretry,200,7,1,199,0,1,0,106.34,108.42,108.64,108.70
constraint-noretry,200,8,1,199,0,1,0,41.95,44.28,44.50,44.60
constraint-noretry,200,9,1,199,0,1,0,43.84,46.15,46.34,46.45
constraint-noretry,200,10,1,199,0,1,0,35.58,41.17,41.35,41.48
constraint,1,1,1,0,0,1,0,10.91,10.91,10.91,10.91
constraint,1,2,1,0,0,1,0,12.55,12.55,12.55,12.56
constraint,1,3,1,0,0,1,0,12.70,12.70,12.70,12.70
constraint,1,4,1,0,0,1,0,124.98,124.98,124.98,124.98
constraint,1,5,1,0,0,1,0,11.32,11.32,11.32,11.32
constraint,1,6,1,0,0,1,0,11.60,11.60,11.60,11.61
constraint,1,7,1,0,0,1,0,10.95,10.95,10.95,10.96
constraint,1,8,1,0,0,1,0,10.93,10.93,10.93,10.94
constraint,1,9,1,0,0,1,0,11.84,11.84,11.84,11.84
constraint,1,10,1,0,0,1,0,12.43,12.43,12.43,12.43
constraint,10,1,1,9,0,1,0,12.74,13.02,13.02,13.03
constraint,10,2,1,9,0,1,0,12.85,13.10,13.10,13.11
constraint,10,3,1,0,9,1,0,25046.62,29074.99,29074.99,29075.01
constraint,10,4,1,9,0,1,0,18.88,19.00,19.00,19.01
constraint,10,5,1,9,0,1,0,24.89,25.01,25.01,25.04
constraint,10,6,1,9,0,1,0,14.38,14.51,14.51,14.52
constraint,10,7,1,9,0,1,0,120.67,120.87,120.87,120.87
constraint,10,8,1,9,0,1,0,16.80,16.99,16.99,17.00
constraint,10,9,1,9,0,1,0,17.11,17.23,17.23,17.24
constraint,10,10,1,9,0,1,0,14.20,14.33,14.33,14.34
constraint,50,1,1,49,0,1,0,19.84,20.41,20.47,20.49
constraint,50,2,1,49,0,1,0,26.98,27.52,27.57,27.59
constraint,50,3,1,0,49,1,0,114614.79,137662.93,138669.17,138669.19
constraint,50,4,1,49,0,1,0,26.38,26.90,26.95,27.00
constraint,50,5,1,49,0,1,0,36.33,37.12,37.19,37.22
constraint,50,6,1,49,0,1,0,18.39,18.96,18.99,19.01
constraint,50,7,1,49,0,1,0,18.40,18.96,18.98,19.01
constraint,50,8,1,49,0,1,0,17.61,18.23,18.28,18.30
constraint,50,9,1,49,0,1,0,18.83,19.73,19.81,19.81
constraint,50,10,1,49,0,1,0,30.89,31.36,31.40,31.41
constraint,200,1,1,199,0,1,0,186.84,188.98,189.16,189.27
constraint,200,2,1,199,0,1,0,31.77,63.67,63.88,64.04
constraint,200,3,1,199,0,1,0,45.08,47.05,47.21,47.28
constraint,200,4,1,199,0,1,0,175.43,177.92,178.07,178.16
constraint,200,5,1,199,0,1,0,33.70,42.98,43.17,43.29
constraint,200,6,1,199,0,1,0,35.51,39.18,39.35,39.46
constraint,200,7,1,0,199,1,0,358662.69,495419.34,504435.44,505441.99
constraint,200,8,1,0,199,1,0,362560.82,501351.06,509371.21,510376.41
constraint,200,9,1,199,0,1,0,47.92,49.75,49.92,50.14
constraint,200,10,1,199,0,1,0,44.52,47.06,47.30,47.42
advisory,1,1,1,0,0,1,0,11.56,11.56,11.56,11.56
advisory,1,2,1,0,0,1,0,11.36,11.36,11.36,11.36
advisory,1,3,1,0,0,1,0,101.72,101.72,101.72,101.72
advisory,1,4,1,0,0,1,0,11.83,11.83,11.83,11.83
advisory,1,5,1,0,0,1,0,11.46,11.46,11.46,11.47
advisory,1,6,1,0,0,1,0,11.95,11.95,11.95,11.95
advisory,1,7,1,0,0,1,0,11.62,11.62,11.62,11.62
advisory,1,8,1,0,0,1,0,11.64,11.64,11.64,11.64
advisory,1,9,1,0,0,1,0,12.46,12.46,12.46,12.46
advisory,1,10,1,0,0,1,0,100.44,100.44,100.44,100.45
advisory,10,1,1,9,0,1,0,17.47,19.98,19.98,20.00
advisory,10,2,1,9,0,1,0,17.24,19.43,19.43,19.45
advisory,10,3,1,9,0,1,0,16.66,19.58,19.58,19.60
advisory,10,4,1,9,0,1,0,16.56,18.80,18.80,18.82
advisory,10,5,1,9,0,1,0,21.10,23.44,23.44,23.47
advisory,10,6,1,9,0,1,0,16.32,18.49,18.49,18.52
advisory,10,7,1,9,0,1,0,14.33,17.08,17.08,17.11
advisory,10,8,1,9,0,1,0,26.48,29.13,29.13,29.18
advisory,10,9,1,9,0,1,0,15.87,18.30,18.30,18.32
advisory,10,10,1,9,0,1,0,15.82,18.04,18.04,18.07
advisory,50,1,1,49,0,1,0,25.71,36.05,36.80,36.86
advisory,50,2,1,49,0,1,0,24.43,33.71,34.58,34.64
advisory,50,3,1,49,0,1,0,136.00,145.06,145.77,145.82
advisory,50,4,1,49,0,1,0,23.96,32.77,33.64,33.67
advisory,50,5,1,49,0,1,0,29.73,38.57,39.33,39.40
advisory,50,6,1,49,0,1,0,23.10,30.37,31.25,31.28
advisory,50,7,1,49,0,1,0,23.53,30.76,31.29,31.36
advisory,50,8,1,49,0,1,0,138.51,146.55,147.31,147.41
advisory,50,9,1,49,0,1,0,31.44,38.95,39.46,39.51
advisory,50,10,1,49,0,1,0,24.02,31.31,31.90,31.95
advisory,200,1,1,199,0,1,0,60.74,92.70,99.74,100.37
advisory,200,2,1,199,0,1,0,53.65,82.50,87.47,88.18
advisory,200,3,1,199,0,1,0,66.39,96.16,102.43,103.12
advisory,200,4,1,199,0,1,0,68.55,99.58,106.09,106.84
advisory,200,5,1,199,0,1,0,55.04,83.36,88.13,88.81
advisory,200,6,1,199,0,1,0,56.83,87.02,93.65,94.30
advisory,200,7,1,199,0,1,0,56.22,86.29,93.23,93.87
advisory,200,8,1,199,0,1,0,52.34,79.99,84.85,85.47
advisory,200,9,1,199,0,1,0,52.70,80.76,86.15,86.76
advisory,200,10,1,199,0,1,0,73.09,102.10,108.71,109.41